brantly.eth,0x50e97e480661533b5382e33705e4ce1eb182222e,0x02ca10c62f160cdd126d1e44ef42224cac745ac8,0x97b5c5ac8813bf5aaf689bbb697b56f8d897baef,0xdc27cb447d713a8320db054a39ab6a42e0af49cb,0x47c0224f6c298c4b03f2fbbb986815859a0abd20,0x8480d20583a3138fef7c23eed8f17bf3c01e73b7,0xa6bcb89f21e0bf71e08ded426c142757791e17cf,0xc6ed8696c4885dcafdc73c5ef28511e02568b472,0x1cbf9983e0d59276a58db8e8529706004fcb1837,0x27d311b8958ca479615522304b442e530c8073fe
0xthrpw.eth,0x15d63171fac765636b5a9a859e17c3b6e6d1ba6c,0xcf2907224854d7412c84d7b7818a149bc7245ebe,0x092ba632e0b88ca7ee9eeaa7e8ed27436afa3b00,0x15ca41d59cc542b15881aa6d95f486a804995425,0xcca02de5372cb0caac425543487789eef5d17fb5,0x15265c9989a97f84c01cdba9da4461ae518083fc,0x27982284dc03872a76641fed8e52f48d56a24012,0x9f64e6a575f50d7c8c5aea4be962f86ee2c5ca31,0xb5b8c2939348be0cde88285821889ef1193a9655,0x0033aade458d0b39ce0b1ba2581859f2d5855555
bendi.eth,0xfb702e95fa231c5509487a9e99156003985fdb9e,0x5b0f3dbdd49614476e4f5ff5db6fe13d41fcb516,0xe11bfcbdd43745d4aa6f4f18e24ad24f4623af04,0xc28de09ad1a20737b92834943558ddfcc88d020d,0xa7860e99e3ce0752d1ac53b974e309fff80277c6,0x25744247a760dd8c73eaa81307e1ff827e8bcfa3,0x2a59071ff48936c6838dcac425fa0df6ea5979bf,0x6e8f26d35800ebb7678ac858866ec0e86ba7d1fc,0xa0ca69a35c77ab43f39e3439539a098a948552c6,0x2f3a773365ff85353e1d4bb5a88f62dfd478a24d
drea.eth,0x51050ec063d393217b436747617ad1c2285aeeee,0x5e349eca2dc61abcd9dd99ce94d04136151a09ee,0x029183bd9a47cdd7f5df8fb64382022c4b681b63,0xc9e6eb83da7a627961b89acd4b6405941c36e2c8,0x092ad3842dced68b5b6ef9cc602be66924baecdd,0x0312567d78ff0c9ce0bd62a250df5c6474c71334,0xcbb2534c6898655d50fdac79d6e4b23b18a25b97,0x167e3b2c7286ec2e6526f28ff52743c72100bc5c,0xce4eb76664210426e900c20d4a3741a6b0f64855,0x29a82e07b96c405ac99a8023f767d2971546de70
garypalmerjr.eth,0x3b5aa6be0a9db351306a487ce35b3735058fef90,0x4ece7f89bab16ee6eb40a37b88cf23dffe0d5413,0x9158a1ff92a808057a84200469dccd68c21105eb,0x1096503503dcbf3b94db5afbd041d22de1f0704e,0x153c176019aece36e391045d772e9a692657c485,0xffc46750c82e3fd30b818f667306e01f7b03d59e,0x967f37cf8592efeb9d38c0af64d09087a9b19676,0x5ae2b0237367adbc3fba27013015b8b6b69e50fb,0xcfd5a3a543fa175559b80cae217f359bdf116e5b,0x28d604a4205549ea2510d03f2addc673ded2187f
jesse.xyz,0x1208a26faa0f4ac65b42098419eb4daa5e580ac6,0x807a9fa3cedec27cf5bdf4bd093fc2a92fc7be79,0x983110309620d911731ac0932219af06091b6744,0x60dbf50076206f60bcc2edf9295f5734561b8d77
184.eth,0xc9c3a4337a1bba75d0860a1a81f7b990dc607334,0x71adb34117c9408e74ed112b327a0ec97cef8fa1,0x50ec05ade8280758e2077fcbc08d878d4aef79c3,0x8f5906963ae276e1631efa8ff1a9cae6499ec5e3,0xc983ebc9db969782d994627bdffec0ae6efee1b3,0x14536667cd30e52c0b458baaccb9fada7046e056,0x486d582eed105cef4e4aa270c93b1e03fe5b04f3,0x2b9bda137dfc081efa0e0355874a5bc39a372305,0x17f74532a45e7b16a9620e4bc84924916a9cf45a,0x02a2295d86e530045844e25582185c65925b2eb8
efp.eth,0x2b9bda137dfc081efa0e0355874a5bc39a372305,0xc9c3a4337a1bba75d0860a1a81f7b990dc607334,0x71adb34117c9408e74ed112b327a0ec97cef8fa1,0x8f5906963ae276e1631efa8ff1a9cae6499ec5e3,0xc983ebc9db969782d994627bdffec0ae6efee1b3,0x983110309620d911731ac0932219af06091b6744
limes.wannabet.eth,0x534631bcf33bdb069fb20a93d2fdb9e4d4dd42cf,0x0916c04994849c676ab2667ce5bbdf7ccc94310a,0x035ebd096afa6b98372494c7f08f3402324117d3,0x4db0e0b6a28321d374c2fcf3e084a6def03b6a12,0x5db9534804b440aa1937ea0cde734fae1043c996,0x04e9f5bd176de05511618ab63aedeb6ae0f0d8e4,0xc0deaf6bd3f0c6574a6a625ef2f22f62a5150eab,0x66d9640783719c13d6a106924000bc6153661a97,0x4d982788c01402c4e0f657e1192d7736084ae5a8,0xcaafee2535f44d5f6b8e00cabb966df6beec7a3f
furyan.eth,0x035ebd096afa6b98372494c7f08f3402324117d3,0x58f4d2f9fdbae2f78bcd76c4f6f2d86c181f6afc,0x6394d4c09110209ca7796ca1092f047cfe4dffc7,0x26cffe59d65a96c1b1b5c19d561f95cd794a2faf,0xd83a5a8852049ca286f234b594d7f2b022565fc5,0x004f9b9ffdbcc20013cbbf31ab8c06c5178d72a1,0x2b1e2a3dfcab0b8754b2a2d7d6022d735c5f3343,0xb5c66cf1034f21a7b1f42db269e81c775eec13c9,0x7f4280fe18c6dac10d652af75f78a1d65a4e7c8f,0x8db1cfde3b131e8fe1e432bef89e0538c7c5897c
jalil.eth,0x760e7b42c920c2a0feb58ddd610c14a6bdd2ebea,0x0916c04994849c676ab2667ce5bbdf7ccc94310a,0x17cd072cbd45031efc21da538c783e0ed3b25dcc,0xb520930bf5529bdf6d42d76cd6f820145ba3ab6b,0x2a59071ff48936c6838dcac425fa0df6ea5979bf,0xd7029bdea1c17493893aafe29aad69ef892b8ff2,0x179a862703a4adfb29896552df9e307980d19285,0xeb6b293e9bb1d71240953c8306ad2c8ac523516a,0x30c7f4f7504d6366916f669cd8e731ed4df6c702,0x7124cf2e59d54e831df6f605775e73248b3c5960
alextnetto.eth,0xd8da6bf26964af9d7eed9e03e53415d37aa96045,0xe11bfcbdd43745d4aa6f4f18e24ad24f4623af04,0x949e2988b857af2a3c9429e763d13202b7b25c88,0x983110309620d911731ac0932219af06091b6744,0x809fa673fe2ab515faa168259cb14e2bedebf68e
superphiz.eth,0x8da48e5846c06b558970acd42edc7da8799481e4,0x19439fcdb55a5a16f44d9adeea68670414b3a5c6,0x97e27c55de1aec7058c3c796597e5468220771e1,0x8eddf5431f5b31933bfbd8111d54fc6e9456e6c1,0x111111176b0b13ffc31d387d08726772a0492948,0x5391ff3a579bbcb8372638f62defc7773a8f55e5,0xae3c9636de4005cb1a0c3aa94e53152a60330388,0x6e8f26d35800ebb7678ac858866ec0e86ba7d1fc,0x76483d453f35a946de3a42cb814649480fe97e3e,0x4d199d283331f0be86405a247faef88af90c129f
liubenben.eth,0x50ec05ade8280758e2077fcbc08d878d4aef79c3,0x7e2f6e2f86089ae708425bca2e7bf43ad5ca486e,0x47b78acc6d29428f128eb04b467d316e548e4b89,0x7265a60acaeaf3a5e18e10bc1128e72f27b2e176,0x14536667cd30e52c0b458baaccb9fada7046e056,0x6dc43be93a8b5fd37dc16f24872babc6da5e5e3e,0x14546125429faac7f3aa78da1807069692ec7464,0x2f3a773365ff85353e1d4bb5a88f62dfd478a24d,0x79bd699ffafa6be1fcde6ba00965e5083ed0e414,0x190473b3071946df65306989972706a4c006a561
pol.eth,0x534631bcf33bdb069fb20a93d2fdb9e4d4dd42cf,0x8da48e5846c06b558970acd42edc7da8799481e4,0xeb6b293e9bb1d71240953c8306ad2c8ac523516a,0xa7860e99e3ce0752d1ac53b974e309fff80277c6,0xe11da9560b51f8918295edc5ab9c0a90e9ada20b,0x2a59071ff48936c6838dcac425fa0df6ea5979bf,0x016f40be4fc1b8456a74171fae3265d1431b3bdf,0x5d25e3ebb10f4debf1d7b76eb94302d2d74c7035,0x983110309620d911731ac0932219af06091b6744,0x60dbf50076206f60bcc2edf9295f5734561b8d77
thecap.eth,0x8da48e5846c06b558970acd42edc7da8799481e4,0x8b1f85a93ac6e4f62695ea8ef2410d248605feff,0x029183bd9a47cdd7f5df8fb64382022c4b681b63,0x5be9c37a4d3fd921d24bec9ded661dd32e7695d5,0x809fa673fe2ab515faa168259cb14e2bedebf68e,0x1badb16fdf023a4882bb9adfc780280e863c86be,0x179a862703a4adfb29896552df9e307980d19285,0xb8c2c29ee19d8307cb7255e1cd9cbde883a267d5,0x88e4519e2baa513ed92b0ae4c788d7e5c5b03ea4,0x2b888954421b424c5d3d9ce9bb67c9bd47537d12
validator.eth,0x1208a26faa0f4ac65b42098419eb4daa5e580ac6,0x6394d4c09110209ca7796ca1092f047cfe4dffc7,0xa7860e99e3ce0752d1ac53b974e309fff80277c6,0x0312567d78ff0c9ce0bd62a250df5c6474c71334,0xac50ce326de14ddf9b7e9611cd2f33a1af8ac039,0x333601a803cac32b7d17a38d32c9728a93b422f4,0xe3776caab55433c798b1afda558db205068f9963,0xe99319a2387559b3edfcfdf79af21348467dd5f3,0x13489a7f09ea0dfe9fdc41390cfbb57f4b6ff0b3,0x0c077910e1dc0b5bea1054cce14143e0971f95ce
bosco.eth,0x8da48e5846c06b558970acd42edc7da8799481e4,0x983110309620d911731ac0932219af06091b6744,0xd1efdd037566b0c75cebace9150d26ea0153faa9
dragonite.eth,0xbad9895fa47616022e648ddd846119f4c9661ed8,0xbab473e7a2bb4b35be999d0b0a771a48aa9d7fec,0x2a59071ff48936c6838dcac425fa0df6ea5979bf,0x311ef08626709a0de3aa84d396437773340e022d,0x3276e82ebb1b4b9f01ab9286ed6bcc6603e368e2,0xd1efdd037566b0c75cebace9150d26ea0153faa9,0x983110309620d911731ac0932219af06091b6744,0x4d982788c01402c4e0f657e1192d7736084ae5a8,0x44a3a18df15ae79bbc6c660db59428fe9a181864
catra.eth,0x387a161c6b25aa854100abaed39274e51aaffffd,0x0916c04994849c676ab2667ce5bbdf7ccc94310a,0x17cd072cbd45031efc21da538c783e0ed3b25dcc,0xe3f3bc22382e0edfdedacb5e4a89a5418432fd07,0x14536667cd30e52c0b458baaccb9fada7046e056,0xe2cded674643743ec1316858dfd4fd2116932e63,0x486d582eed105cef4e4aa270c93b1e03fe5b04f3,0x8379bd16381620914d8fa3d535f6ca9ef23ece53,0x22d187e0392632386b6dc542d5c494602e0e67fe,0x17f74532a45e7b16a9620e4bc84924916a9cf45a
wmp.eth,0x002748db885d4ccfe3c7c92143f0805f4ebeec01,0x0116acf39cf70fefc3c23c88a37e59474e8e17be,0x00e22bd8b1ba7fb5c6bcdad1ff4880cc4aaed159,0x00cda37bfc3dd20349aa901fe8646688218d8772,0x004987aa7fc02324dc08806d13dc624a7790cc6f,0x0022fd37758a10cef06c33201986748479f9112b,0x008de861efedc4617caeb1d27a6aa0e6e7e2c987,0x0000000000a2d441d85315e5163deec094bf6fe1,0x008ba4907924f86c62fbb31fe4a0dfe91c0e6acc,0x00063ddb30be7bc2292583d5f143e9d6e6228440
0xgiwa.eth,0xce4fec9adca31c92befbe728e71784e6aeeca0e4,0x035ebd096afa6b98372494c7f08f3402324117d3,0xe11da9560b51f8918295edc5ab9c0a90e9ada20b,0xd1efdd037566b0c75cebace9150d26ea0153faa9,0x21d065354636ec2117e48fb51428e9a233652d5f,0x914818fd7a789b889a0ac8dc4fccd1a6742d5597,0x1a43003a06d80aa51bdc5054e4572841f122335c,0x14546125429faac7f3aa78da1807069692ec7464,0x983110309620d911731ac0932219af06091b6744,0x4d982788c01402c4e0f657e1192d7736084ae5a8
ndx.eth,0xafff524b6515f38efbb82de99a3ba7102495af01,0x2cb27654a0a4d441a99b8153f91bad08f02d37c0,0x795050decc0322567c4f0098209d4edc5a69b9d0,0x7e799c969ea204a8b5f4d938407d9dc64dcc09e5,0x40816de87489fb1a744d9c546e8994c9b2d40e40,0x8e15b339a94c34d6d947f2766cf7df939ca31636,0x100d394a50dd89bf642f3063ddce8f00410e5c0e,0x4a7b17fbec1ecc14a00b351f9fb40b0c957e776b,0x6888633d74ecd23461930a0d799a828753bc0232,0x99bd5358045c552bc6848b934163cb44668c5a01
brantly.eth,0x50e97e480661533b5382e33705e4ce1eb182222e,0x02ca10c62f160cdd126d1e44ef42224cac745ac8,0x97b5c5ac8813bf5aaf689bbb697b56f8d897baef,0xdc27cb447d713a8320db054a39ab6a42e0af49cb,0x47c0224f6c298c4b03f2fbbb986815859a0abd20,0x8480d20583a3138fef7c23eed8f17bf3c01e73b7,0xa6bcb89f21e0bf71e08ded426c142757791e17cf,0xc6ed8696c4885dcafdc73c5ef28511e02568b472,0x1cbf9983e0d59276a58db8e8529706004fcb1837,0x27d311b8958ca479615522304b442e530c8073fe
0xthrpw.eth,0x15d63171fac765636b5a9a859e17c3b6e6d1ba6c,0xcf2907224854d7412c84d7b7818a149bc7245ebe,0x092ba632e0b88ca7ee9eeaa7e8ed27436afa3b00,0x15ca41d59cc542b15881aa6d95f486a804995425,0xcca02de5372cb0caac425543487789eef5d17fb5,0x15265c9989a97f84c01cdba9da4461ae518083fc,0x27982284dc03872a76641fed8e52f48d56a24012,0x9f64e6a575f50d7c8c5aea4be962f86ee2c5ca31,0xb5b8c2939348be0cde88285821889ef1193a9655,0x0033aade458d0b39ce0b1ba2581859f2d5855555
bendi.eth,0xfb702e95fa231c5509487a9e99156003985fdb9e,0x5b0f3dbdd49614476e4f5ff5db6fe13d41fcb516,0xe11bfcbdd43745d4aa6f4f18e24ad24f4623af04,0xc28de09ad1a20737b92834943558ddfcc88d020d,0xa7860e99e3ce0752d1ac53b974e309fff80277c6,0x25744247a760dd8c73eaa81307e1ff827e8bcfa3,0x2a59071ff48936c6838dcac425fa0df6ea5979bf,0x6e8f26d35800ebb7678ac858866ec0e86ba7d1fc,0xa0ca69a35c77ab43f39e3439539a098a948552c6,0x2f3a773365ff85353e1d4bb5a88f62dfd478a24d
drea.eth,0x51050ec063d393217b436747617ad1c2285aeeee,0x5e349eca2dc61abcd9dd99ce94d04136151a09ee,0x029183bd9a47cdd7f5df8fb64382022c4b681b63,0xc9e6eb83da7a627961b89acd4b6405941c36e2c8,0x092ad3842dced68b5b6ef9cc602be66924baecdd,0x0312567d78ff0c9ce0bd62a250df5c6474c71334,0xcbb2534c6898655d50fdac79d6e4b23b18a25b97,0x167e3b2c7286ec2e6526f28ff52743c72100bc5c,0xce4eb76664210426e900c20d4a3741a6b0f64855,0x29a82e07b96c405ac99a8023f767d2971546de70
garypalmerjr.eth,0x3b5aa6be0a9db351306a487ce35b3735058fef90,0x4ece7f89bab16ee6eb40a37b88cf23dffe0d5413,0x9158a1ff92a808057a84200469dccd68c21105eb,0x1096503503dcbf3b94db5afbd041d22de1f0704e,0x153c176019aece36e391045d772e9a692657c485,0xffc46750c82e3fd30b818f667306e01f7b03d59e,0x967f37cf8592efeb9d38c0af64d09087a9b19676,0x5ae2b0237367adbc3fba27013015b8b6b69e50fb,0xcfd5a3a543fa175559b80cae217f359bdf116e5b,0x28d604a4205549ea2510d03f2addc673ded2187f
jesse.xyz,0x1208a26faa0f4ac65b42098419eb4daa5e580ac6,0x807a9fa3cedec27cf5bdf4bd093fc2a92fc7be79,0x983110309620d911731ac0932219af06091b6744,0x60dbf50076206f60bcc2edf9295f5734561b8d77
184.eth,0xc9c3a4337a1bba75d0860a1a81f7b990dc607334,0x71adb34117c9408e74ed112b327a0ec97cef8fa1,0x50ec05ade8280758e2077fcbc08d878d4aef79c3,0x8f5906963ae276e1631efa8ff1a9cae6499ec5e3,0xc983ebc9db969782d994627bdffec0ae6efee1b3,0x14536667cd30e52c0b458baaccb9fada7046e056,0x486d582eed105cef4e4aa270c93b1e03fe5b04f3,0x2b9bda137dfc081efa0e0355874a5bc39a372305,0x17f74532a45e7b16a9620e4bc84924916a9cf45a,0x02a2295d86e530045844e25582185c65925b2eb8
efp.eth,0x2b9bda137dfc081efa0e0355874a5bc39a372305,0xc9c3a4337a1bba75d0860a1a81f7b990dc607334,0x71adb34117c9408e74ed112b327a0ec97cef8fa1,0x8f5906963ae276e1631efa8ff1a9cae6499ec5e3,0xc983ebc9db969782d994627bdffec0ae6efee1b3,0x983110309620d911731ac0932219af06091b6744
limes.wannabet.eth,0x534631bcf33bdb069fb20a93d2fdb9e4d4dd42cf,0x0916c04994849c676ab2667ce5bbdf7ccc94310a,0x035ebd096afa6b98372494c7f08f3402324117d3,0x4db0e0b6a28321d374c2fcf3e084a6def03b6a12,0x5db9534804b440aa1937ea0cde734fae1043c996,0x04e9f5bd176de05511618ab63aedeb6ae0f0d8e4,0xc0deaf6bd3f0c6574a6a625ef2f22f62a5150eab,0x66d9640783719c13d6a106924000bc6153661a97,0x4d982788c01402c4e0f657e1192d7736084ae5a8,0xcaafee2535f44d5f6b8e00cabb966df6beec7a3f
furyan.eth,0x035ebd096afa6b98372494c7f08f3402324117d3,0x58f4d2f9fdbae2f78bcd76c4f6f2d86c181f6afc,0x6394d4c09110209ca7796ca1092f047cfe4dffc7,0x26cffe59d65a96c1b1b5c19d561f95cd794a2faf,0xd83a5a8852049ca286f234b594d7f2b022565fc5,0x004f9b9ffdbcc20013cbbf31ab8c06c5178d72a1,0x2b1e2a3dfcab0b8754b2a2d7d6022d735c5f3343,0xb5c66cf1034f21a7b1f42db269e81c775eec13c9,0x7f4280fe18c6dac10d652af75f78a1d65a4e7c8f,0x8db1cfde3b131e8fe1e432bef89e0538c7c5897c
jalil.eth,0x760e7b42c920c2a0feb58ddd610c14a6bdd2ebea,0x0916c04994849c676ab2667ce5bbdf7ccc94310a,0x17cd072cbd45031efc21da538c783e0ed3b25dcc,0xb520930bf5529bdf6d42d76cd6f820145ba3ab6b,0x2a59071ff48936c6838dcac425fa0df6ea5979bf,0xd7029bdea1c17493893aafe29aad69ef892b8ff2,0x179a862703a4adfb29896552df9e307980d19285,0xeb6b293e9bb1d71240953c8306ad2c8ac523516a,0x30c7f4f7504d6366916f669cd8e731ed4df6c702,0x7124cf2e59d54e831df6f605775e73248b3c5960
alextnetto.eth,0xd8da6bf26964af9d7eed9e03e53415d37aa96045,0xe11bfcbdd43745d4aa6f4f18e24ad24f4623af04,0x949e2988b857af2a3c9429e763d13202b7b25c88,0x983110309620d911731ac0932219af06091b6744,0x809fa673fe2ab515faa168259cb14e2bedebf68e
superphiz.eth,0x8da48e5846c06b558970acd42edc7da8799481e4,0x19439fcdb55a5a16f44d9adeea68670414b3a5c6,0x97e27c55de1aec7058c3c796597e5468220771e1,0x8eddf5431f5b31933bfbd8111d54fc6e9456e6c1,0x111111176b0b13ffc31d387d08726772a0492948,0x5391ff3a579bbcb8372638f62defc7773a8f55e5,0xae3c9636de4005cb1a0c3aa94e53152a60330388,0x6e8f26d35800ebb7678ac858866ec0e86ba7d1fc,0x76483d453f35a946de3a42cb814649480fe97e3e,0x4d199d283331f0be86405a247faef88af90c129f
liubenben.eth,0x50ec05ade8280758e2077fcbc08d878d4aef79c3,0x7e2f6e2f86089ae708425bca2e7bf43ad5ca486e,0x47b78acc6d29428f128eb04b467d316e548e4b89,0x7265a60acaeaf3a5e18e10bc1128e72f27b2e176,0x14536667cd30e52c0b458baaccb9fada7046e056,0x6dc43be93a8b5fd37dc16f24872babc6da5e5e3e,0x14546125429faac7f3aa78da1807069692ec7464,0x2f3a773365ff85353e1d4bb5a88f62dfd478a24d,0x79bd699ffafa6be1fcde6ba00965e5083ed0e414,0x190473b3071946df65306989972706a4c006a561
pol.eth,0x534631bcf33bdb069fb20a93d2fdb9e4d4dd42cf,0x8da48e5846c06b558970acd42edc7da8799481e4,0xeb6b293e9bb1d71240953c8306ad2c8ac523516a,0xa7860e99e3ce0752d1ac53b974e309fff80277c6,0xe11da9560b51f8918295edc5ab9c0a90e9ada20b,0x2a59071ff48936c6838dcac425fa0df6ea5979bf,0x016f40be4fc1b8456a74171fae3265d1431b3bdf,0x5d25e3ebb10f4debf1d7b76eb94302d2d74c7035,0x983110309620d911731ac0932219af06091b6744,0x60dbf50076206f60bcc2edf9295f5734561b8d77
thecap.eth,0x8da48e5846c06b558970acd42edc7da8799481e4,0x8b1f85a93ac6e4f62695ea8ef2410d248605feff,0x029183bd9a47cdd7f5df8fb64382022c4b681b63,0x5be9c37a4d3fd921d24bec9ded661dd32e7695d5,0x809fa673fe2ab515faa168259cb14e2bedebf68e,0x1badb16fdf023a4882bb9adfc780280e863c86be,0x179a862703a4adfb29896552df9e307980d19285,0xb8c2c29ee19d8307cb7255e1cd9cbde883a267d5,0x88e4519e2baa513ed92b0ae4c788d7e5c5b03ea4,0x2b888954421b424c5d3d9ce9bb67c9bd47537d12
validator.eth,0x1208a26faa0f4ac65b42098419eb4daa5e580ac6,0x6394d4c09110209ca7796ca1092f047cfe4dffc7,0xa7860e99e3ce0752d1ac53b974e309fff80277c6,0x0312567d78ff0c9ce0bd62a250df5c6474c71334,0xac50ce326de14ddf9b7e9611cd2f33a1af8ac039,0x333601a803cac32b7d17a38d32c9728a93b422f4,0xe3776caab55433c798b1afda558db205068f9963,0xe99319a2387559b3edfcfdf79af21348467dd5f3,0x13489a7f09ea0dfe9fdc41390cfbb57f4b6ff0b3,0x0c077910e1dc0b5bea1054cce14143e0971f95ce
bosco.eth,0x8da48e5846c06b558970acd42edc7da8799481e4,0x983110309620d911731ac0932219af06091b6744,0xd1efdd037566b0c75cebace9150d26ea0153faa9
dragonite.eth,0xbad9895fa47616022e648ddd846119f4c9661ed8,0xbab473e7a2bb4b35be999d0b0a771a48aa9d7fec,0x2a59071ff48936c6838dcac425fa0df6ea5979bf,0x311ef08626709a0de3aa84d396437773340e022d,0x3276e82ebb1b4b9f01ab9286ed6bcc6603e368e2,0xd1efdd037566b0c75cebace9150d26ea0153faa9,0x983110309620d911731ac0932219af06091b6744,0x4d982788c01402c4e0f657e1192d7736084ae5a8,0x44a3a18df15ae79bbc6c660db59428fe9a181864
catra.eth,0x387a161c6b25aa854100abaed39274e51aaffffd,0x0916c04994849c676ab2667ce5bbdf7ccc94310a,0x17cd072cbd45031efc21da538c783e0ed3b25dcc,0xe3f3bc22382e0edfdedacb5e4a89a5418432fd07,0x14536667cd30e52c0b458baaccb9fada7046e056,0xe2cded674643743ec1316858dfd4fd2116932e63,0x486d582eed105cef4e4aa270c93b1e03fe5b04f3,0x8379bd16381620914d8fa3d535f6ca9ef23ece53,0x22d187e0392632386b6dc542d5c494602e0e67fe,0x17f74532a45e7b16a9620e4bc84924916a9cf45a
wmp.eth,0x002748db885d4ccfe3c7c92143f0805f4ebeec01,0x0116acf39cf70fefc3c23c88a37e59474e8e17be,0x00e22bd8b1ba7fb5c6bcdad1ff4880cc4aaed159,0x00cda37bfc3dd20349aa901fe8646688218d8772,0x004987aa7fc02324dc08806d13dc624a7790cc6f,0x0022fd37758a10cef06c33201986748479f9112b,0x008de861efedc4617caeb1d27a6aa0e6e7e2c987,0x0000000000a2d441d85315e5163deec094bf6fe1,0x008ba4907924f86c62fbb31fe4a0dfe91c0e6acc,0x00063ddb30be7bc2292583d5f143e9d6e6228440
0xgiwa.eth,0xce4fec9adca31c92befbe728e71784e6aeeca0e4,0x035ebd096afa6b98372494c7f08f3402324117d3,0xe11da9560b51f8918295edc5ab9c0a90e9ada20b,0xd1efdd037566b0c75cebace9150d26ea0153faa9,0x21d065354636ec2117e48fb51428e9a233652d5f,0x914818fd7a789b889a0ac8dc4fccd1a6742d5597,0x1a43003a06d80aa51bdc5054e4572841f122335c,0x14546125429faac7f3aa78da1807069692ec7464,0x983110309620d911731ac0932219af06091b6744,0x4d982788c01402c4e0f657e1192d7736084ae5a8
ndx.eth,0xafff524b6515f38efbb82de99a3ba7102495af01,0x2cb27654a0a4d441a99b8153f91bad08f02d37c0,0x795050decc0322567c4f0098209d4edc5a69b9d0,0x7e799c969ea204a8b5f4d938407d9dc64dcc09e5,0x40816de87489fb1a744d9c546e8994c9b2d40e40,0x8e15b339a94c34d6d947f2766cf7df939ca31636,0x100d394a50dd89bf642f3063ddce8f00410e5c0e,0x4a7b17fbec1ecc14a00b351f9fb40b0c957e776b,0x6888633d74ecd23461930a0d799a828753bc0232,0x99bd5358045c552bc6848b934163cb44668c5a01
brantly.eth,0x50e97e480661533b5382e33705e4ce1eb182222e,0x02ca10c62f160cdd126d1e44ef42224cac745ac8,0x97b5c5ac8813bf5aaf689bbb697b56f8d897baef,0xdc27cb447d713a8320db054a39ab6a42e0af49cb,0x47c0224f6c298c4b03f2fbbb986815859a0abd20,0x8480d20583a3138fef7c23eed8f17bf3c01e73b7,0xa6bcb89f21e0bf71e08ded426c142757791e17cf,0xc6ed8696c4885dcafdc73c5ef28511e02568b472,0x1cbf9983e0d59276a58db8e8529706004fcb1837,0x27d311b8958ca479615522304b442e530c8073fe
0xthrpw.eth,0x15d63171fac765636b5a9a859e17c3b6e6d1ba6c,0xcf2907224854d7412c84d7b7818a149bc7245ebe,0x092ba632e0b88ca7ee9eeaa7e8ed27436afa3b00,0x15ca41d59cc542b15881aa6d95f486a804995425,0xcca02de5372cb0caac425543487789eef5d17fb5,0x15265c9989a97f84c01cdba9da4461ae518083fc,0x27982284dc03872a76641fed8e52f48d56a24012,0x9f64e6a575f50d7c8c5aea4be962f86ee2c5ca31,0xb5b8c2939348be0cde88285821889ef1193a9655,0x0033aade458d0b39ce0b1ba2581859f2d5855555
bendi.eth,0xfb702e95fa231c5509487a9e99156003985fdb9e,0x5b0f3dbdd49614476e4f5ff5db6fe13d41fcb516,0xe11bfcbdd43745d4aa6f4f18e24ad24f4623af04,0xc28de09ad1a20737b92834943558ddfcc88d020d,0xa7860e99e3ce0752d1ac53b974e309fff80277c6,0x25744247a760dd8c73eaa81307e1ff827e8bcfa3,0x2a59071ff48936c6838dcac425fa0df6ea5979bf,0x6e8f26d35800ebb7678ac858866ec0e86ba7d1fc,0xa0ca69a35c77ab43f39e3439539a098a948552c6,0x2f3a773365ff85353e1d4bb5a88f62dfd478a24d
drea.eth,0x51050ec063d393217b436747617ad1c2285aeeee,0x5e349eca2dc61abcd9dd99ce94d04136151a09ee,0x029183bd9a47cdd7f5df8fb64382022c4b681b63,0xc9e6eb83da7a627961b89acd4b6405941c36e2c8,0x092ad3842dced68b5b6ef9cc602be66924baecdd,0x0312567d78ff0c9ce0bd62a250df5c6474c71334,0xcbb2534c6898655d50fdac79d6e4b23b18a25b97,0x167e3b2c7286ec2e6526f28ff52743c72100bc5c,0xce4eb76664210426e900c20d4a3741a6b0f64855,0x29a82e07b96c405ac99a8023f767d2971546de70
garypalmerjr.eth,0x3b5aa6be0a9db351306a487ce35b3735058fef90,0x4ece7f89bab16ee6eb40a37b88cf23dffe0d5413,0x9158a1ff92a808057a84200469dccd68c21105eb,0x1096503503dcbf3b94db5afbd041d22de1f0704e,0x153c176019aece36e391045d772e9a692657c485,0xffc46750c82e3fd30b818f667306e01f7b03d59e,0x967f37cf8592efeb9d38c0af64d09087a9b19676,0x5ae2b0237367adbc3fba27013015b8b6b69e50fb,0xcfd5a3a543fa175559b80cae217f359bdf116e5b,0x28d604a4205549ea2510d03f2addc673ded2187f
jesse.xyz,0x1208a26faa0f4ac65b42098419eb4daa5e580ac6,0x807a9fa3cedec27cf5bdf4bd093fc2a92fc7be79,0x983110309620d911731ac0932219af06091b6744,0x60dbf50076206f60bcc2edf9295f5734561b8d77
184.eth,0xc9c3a4337a1bba75d0860a1a81f7b990dc607334,0x71adb34117c9408e74ed112b327a0ec97cef8fa1,0x50ec05ade8280758e2077fcbc08d878d4aef79c3,0x8f5906963ae276e1631efa8ff1a9cae6499ec5e3,0xc983ebc9db969782d994627bdffec0ae6efee1b3,0x14536667cd30e52c0b458baaccb9fada7046e056,0x486d582eed105cef4e4aa270c93b1e03fe5b04f3,0x2b9bda137dfc081efa0e0355874a5bc39a372305,0x17f74532a45e7b16a9620e4bc84924916a9cf45a,0x02a2295d86e530045844e25582185c65925b2eb8
efp.eth,0x2b9bda137dfc081efa0e0355874a5bc39a372305,0xc9c3a4337a1bba75d0860a1a81f7b990dc607334,0x71adb34117c9408e74ed112b327a0ec97cef8fa1,0x8f5906963ae276e1631efa8ff1a9cae6499ec5e3,0xc983ebc9db969782d994627bdffec0ae6efee1b3,0x983110309620d911731ac0932219af06091b6744
limes.wannabet.eth,0x534631bcf33bdb069fb20a93d2fdb9e4d4dd42cf,0x0916c04994849c676ab2667ce5bbdf7ccc94310a,0x035ebd096afa6b98372494c7f08f3402324117d3,0x4db0e0b6a28321d374c2fcf3e084a6def03b6a12,0x5db9534804b440aa1937ea0cde734fae1043c996,0x04e9f5bd176de05511618ab63aedeb6ae0f0d8e4,0xc0deaf6bd3f0c6574a6a625ef2f22f62a5150eab,0x66d9640783719c13d6a106924000bc6153661a97,0x4d982788c01402c4e0f657e1192d7736084ae5a8,0xcaafee2535f44d5f6b8e00cabb966df6beec7a3f
furyan.eth,0x035ebd096afa6b98372494c7f08f3402324117d3,0x58f4d2f9fdbae2f78bcd76c4f6f2d86c181f6afc,0x6394d4c09110209ca7796ca1092f047cfe4dffc7,0x26cffe59d65a96c1b1b5c19d561f95cd794a2faf,0xd83a5a8852049ca286f234b594d7f2b022565fc5,0x004f9b9ffdbcc20013cbbf31ab8c06c5178d72a1,0x2b1e2a3dfcab0b8754b2a2d7d6022d735c5f3343,0xb5c66cf1034f21a7b1f42db269e81c775eec13c9,0x7f4280fe18c6dac10d652af75f78a1d65a4e7c8f,0x8db1cfde3b131e8fe1e432bef89e0538c7c5897c
jalil.eth,0x760e7b42c920c2a0feb58ddd610c14a6bdd2ebea,0x0916c04994849c676ab2667ce5bbdf7ccc94310a,0x17cd072cbd45031efc21da538c783e0ed3b25dcc,0xb520930bf5529bdf6d42d76cd6f820145ba3ab6b,0x2a59071ff48936c6838dcac425fa0df6ea5979bf,0xd7029bdea1c17493893aafe29aad69ef892b8ff2,0x179a862703a4adfb29896552df9e307980d19285,0xeb6b293e9bb1d71240953c8306ad2c8ac523516a,0x30c7f4f7504d6366916f669cd8e731ed4df6c702,0x7124cf2e59d54e831df6f605775e73248b3c5960
alextnetto.eth,0xd8da6bf26964af9d7eed9e03e53415d37aa96045,0xe11bfcbdd43745d4aa6f4f18e24ad24f4623af04,0x949e2988b857af2a3c9429e763d13202b7b25c88,0x983110309620d911731ac0932219af06091b6744,0x809fa673fe2ab515faa168259cb14e2bedebf68e
superphiz.eth,0x8da48e5846c06b558970acd42edc7da8799481e4,0x19439fcdb55a5a16f44d9adeea68670414b3a5c6,0x97e27c55de1aec7058c3c796597e5468220771e1,0x8eddf5431f5b31933bfbd8111d54fc6e9456e6c1,0x111111176b0b13ffc31d387d08726772a0492948,0x5391ff3a579bbcb8372638f62defc7773a8f55e5,0xae3c9636de4005cb1a0c3aa94e53152a60330388,0x6e8f26d35800ebb7678ac858866ec0e86ba7d1fc,0x76483d453f35a946de3a42cb814649480fe97e3e,0x4d199d283331f0be86405a247faef88af90c129f
liubenben.eth,0x50ec05ade8280758e2077fcbc08d878d4aef79c3,0x7e2f6e2f86089ae708425bca2e7bf43ad5ca486e,0x47b78acc6d29428f128eb04b467d316e548e4b89,0x7265a60acaeaf3a5e18e10bc1128e72f27b2e176,0x14536667cd30e52c0b458baaccb9fada7046e056,0x6dc43be93a8b5fd37dc16f24872babc6da5e5e3e,0x14546125429faac7f3aa78da1807069692ec7464,0x2f3a773365ff85353e1d4bb5a88f62dfd478a24d,0x79bd699ffafa6be1fcde6ba00965e5083ed0e414,0x190473b3071946df65306989972706a4c006a561
pol.eth,0x534631bcf33bdb069fb20a93d2fdb9e4d4dd42cf,0x8da48e5846c06b558970acd42edc7da8799481e4,0xeb6b293e9bb1d71240953c8306ad2c8ac523516a,0xa7860e99e3ce0752d1ac53b974e309fff80277c6,0xe11da9560b51f8918295edc5ab9c0a90e9ada20b,0x2a59071ff48936c6838dcac425fa0df6ea5979bf,0x016f40be4fc1b8456a74171fae3265d1431b3bdf,0x5d25e3ebb10f4debf1d7b76eb94302d2d74c7035,0x983110309620d911731ac0932219af06091b6744,0x60dbf50076206f60bcc2edf9295f5734561b8d77
thecap.eth,0x8da48e5846c06b558970acd42edc7da8799481e4,0x8b1f85a93ac6e4f62695ea8ef2410d248605feff,0x029183bd9a47cdd7f5df8fb64382022c4b681b63,0x5be9c37a4d3fd921d24bec9ded661dd32e7695d5,0x809fa673fe2ab515faa168259cb14e2bedebf68e,0x1badb16fdf023a4882bb9adfc780280e863c86be,0x179a862703a4adfb29896552df9e307980d19285,0xb8c2c29ee19d8307cb7255e1cd9cbde883a267d5,0x88e4519e2baa513ed92b0ae4c788d7e5c5b03ea4,0x2b888954421b424c5d3d9ce9bb67c9bd47537d12
validator.eth,0x1208a26faa0f4ac65b42098419eb4daa5e580ac6,0x6394d4c09110209ca7796ca1092f047cfe4dffc7,0xa7860e99e3ce0752d1ac53b974e309fff80277c6,0x0312567d78ff0c9ce0bd62a250df5c6474c71334,0xac50ce326de14ddf9b7e9611cd2f33a1af8ac039,0x333601a803cac32b7d17a38d32c9728a93b422f4,0xe3776caab55433c798b1afda558db205068f9963,0xe99319a2387559b3edfcfdf79af21348467dd5f3,0x13489a7f09ea0dfe9fdc41390cfbb57f4b6ff0b3,0x0c077910e1dc0b5bea1054cce14143e0971f95ce
bosco.eth,0x8da48e5846c06b558970acd42edc7da8799481e4,0x983110309620d911731ac0932219af06091b6744,0xd1efdd037566b0c75cebace9150d26ea0153faa9
dragonite.eth,0xbad9895fa47616022e648ddd846119f4c9661ed8,0xbab473e7a2bb4b35be999d0b0a771a48aa9d7fec,0x2a59071ff48936c6838dcac425fa0df6ea5979bf,0x311ef08626709a0de3aa84d396437773340e022d,0x3276e82ebb1b4b9f01ab9286ed6bcc6603e368e2,0xd1efdd037566b0c75cebace9150d26ea0153faa9,0x983110309620d911731ac0932219af06091b6744,0x4d982788c01402c4e0f657e1192d7736084ae5a8,0x44a3a18df15ae79bbc6c660db59428fe9a181864
catra.eth,0x387a161c6b25aa854100abaed39274e51aaffffd,0x0916c04994849c676ab2667ce5bbdf7ccc94310a,0x17cd072cbd45031efc21da538c783e0ed3b25dcc,0xe3f3bc22382e0edfdedacb5e4a89a5418432fd07,0x14536667cd30e52c0b458baaccb9fada7046e056,0xe2cded674643743ec1316858dfd4fd2116932e63,0x486d582eed105cef4e4aa270c93b1e03fe5b04f3,0x8379bd16381620914d8fa3d535f6ca9ef23ece53,0x22d187e0392632386b6dc542d5c494602e0e67fe,0x17f74532a45e7b16a9620e4bc84924916a9cf45a
wmp.eth,0x002748db885d4ccfe3c7c92143f0805f4ebeec01,0x0116acf39cf70fefc3c23c88a37e59474e8e17be,0x00e22bd8b1ba7fb5c6bcdad1ff4880cc4aaed159,0x00cda37bfc3dd20349aa901fe8646688218d8772,0x004987aa7fc02324dc08806d13dc624a7790cc6f,0x0022fd37758a10cef06c33201986748479f9112b,0x008de861efedc4617caeb1d27a6aa0e6e7e2c987,0x0000000000a2d441d85315e5163deec094bf6fe1,0x008ba4907924f86c62fbb31fe4a0dfe91c0e6acc,0x00063ddb30be7bc2292583d5f143e9d6e6228440
0xgiwa.eth,0xce4fec9adca31c92befbe728e71784e6aeeca0e4,0x035ebd096afa6b98372494c7f08f3402324117d3,0xe11da9560b51f8918295edc5ab9c0a90e9ada20b,0xd1efdd037566b0c75cebace9150d26ea0153faa9,0x21d065354636ec2117e48fb51428e9a233652d5f,0x914818fd7a789b889a0ac8dc4fccd1a6742d5597,0x1a43003a06d80aa51bdc5054e4572841f122335c,0x14546125429faac7f3aa78da1807069692ec7464,0x983110309620d911731ac0932219af06091b6744,0x4d982788c01402c4e0f657e1192d7736084ae5a8
ndx.eth,0xafff524b6515f38efbb82de99a3ba7102495af01,0x2cb27654a0a4d441a99b8153f91bad08f02d37c0,0x795050decc0322567c4f0098209d4edc5a69b9d0,0x7e799c969ea204a8b5f4d938407d9dc64dcc09e5,0x40816de87489fb1a744d9c546e8994c9b2d40e40,0x8e15b339a94c34d6d947f2766cf7df939ca31636,0x100d394a50dd89bf642f3063ddce8f00410e5c0e,0x4a7b17fbec1ecc14a00b351f9fb40b0c957e776b,0x6888633d74ecd23461930a0d799a828753bc0232,0x99bd5358045c552bc6848b934163cb44668c5a01
brantly.eth,0x50e97e480661533b5382e33705e4ce1eb182222e,0x02ca10c62f160cdd126d1e44ef42224cac745ac8,0x97b5c5ac8813bf5aaf689bbb697b56f8d897baef,0xdc27cb447d713a8320db054a39ab6a42e0af49cb,0x47c0224f6c298c4b03f2fbbb986815859a0abd20,0x8480d20583a3138fef7c23eed8f17bf3c01e73b7,0xa6bcb89f21e0bf71e08ded426c142757791e17cf,0xc6ed8696c4885dcafdc73c5ef28511e02568b472,0x1cbf9983e0d59276a58db8e8529706004fcb1837,0x27d311b8958ca479615522304b442e530c8073fe
0xthrpw.eth,0x15d63171fac765636b5a9a859e17c3b6e6d1ba6c,0xcf2907224854d7412c84d7b7818a149bc7245ebe,0x092ba632e0b88ca7ee9eeaa7e8ed27436afa3b00,0x15ca41d59cc542b15881aa6d95f486a804995425,0xcca02de5372cb0caac425543487789eef5d17fb5,0x15265c9989a97f84c01cdba9da4461ae518083fc,0x27982284dc03872a76641fed8e52f48d56a24012,0x9f64e6a575f50d7c8c5aea4be962f86ee2c5ca31,0xb5b8c2939348be0cde88285821889ef1193a9655,0x0033aade458d0b39ce0b1ba2581859f2d5855555
bendi.eth,0xfb702e95fa231c5509487a9e99156003985fdb9e,0x5b0f3dbdd49614476e4f5ff5db6fe13d41fcb516,0xe11bfcbdd43745d4aa6f4f18e24ad24f4623af04,0xc28de09ad1a20737b92834943558ddfcc88d020d,0xa7860e99e3ce0752d1ac53b974e309fff80277c6,0x25744247a760dd8c73eaa81307e1ff827e8bcfa3,0x2a59071ff48936c6838dcac425fa0df6ea5979bf,0x6e8f26d35800ebb7678ac858866ec0e86ba7d1fc,0xa0ca69a35c77ab43f39e3439539a098a948552c6,0x2f3a773365ff85353e1d4bb5a88f62dfd478a24d
drea.eth,0x51050ec063d393217b436747617ad1c2285aeeee,0x5e349eca2dc61abcd9dd99ce94d04136151a09ee,0x029183bd9a47cdd7f5df8fb64382022c4b681b63,0xc9e6eb83da7a627961b89acd4b6405941c36e2c8,0x092ad3842dced68b5b6ef9cc602be66924baecdd,0x0312567d78ff0c9ce0bd62a250df5c6474c71334,0xcbb2534c6898655d50fdac79d6e4b23b18a25b97,0x167e3b2c7286ec2e6526f28ff52743c72100bc5c,0xce4eb76664210426e900c20d4a3741a6b0f64855,0x29a82e07b96c405ac99a8023f767d2971546de70
garypalmerjr.eth,0x3b5aa6be0a9db351306a487ce35b3735058fef90,0x4ece7f89bab16ee6eb40a37b88cf23dffe0d5413,0x9158a1ff92a808057a84200469dccd68c21105eb,0x1096503503dcbf3b94db5afbd041d22de1f0704e,0x153c176019aece36e391045d772e9a692657c485,0xffc46750c82e3fd30b818f667306e01f7b03d59e,0x967f37cf8592efeb9d38c0af64d09087a9b19676,0x5ae2b0237367adbc3fba27013015b8b6b69e50fb,0xcfd5a3a543fa175559b80cae217f359bdf116e5b,0x28d604a4205549ea2510d03f2addc673ded2187f
jesse.xyz,0x1208a26faa0f4ac65b42098419eb4daa5e580ac6,0x807a9fa3cedec27cf5bdf4bd093fc2a92fc7be79,0x983110309620d911731ac0932219af06091b6744,0x60dbf50076206f60bcc2edf9295f5734561b8d77
184.eth,0xc9c3a4337a1bba75d0860a1a81f7b990dc607334,0x71adb34117c9408e74ed112b327a0ec97cef8fa1,0x50ec05ade8280758e2077fcbc08d878d4aef79c3,0x8f5906963ae276e1631efa8ff1a9cae6499ec5e3,0xc983ebc9db969782d994627bdffec0ae6efee1b3,0x14536667cd30e52c0b458baaccb9fada7046e056,0x486d582eed105cef4e4aa270c93b1e03fe5b04f3,0x2b9bda137dfc081efa0e0355874a5bc39a372305,0x17f74532a45e7b16a9620e4bc84924916a9cf45a,0x02a2295d86e530045844e25582185c65925b2eb8
efp.eth,0x2b9bda137dfc081efa0e0355874a5bc39a372305,0xc9c3a4337a1bba75d0860a1a81f7b990dc607334,0x71adb34117c9408e74ed112b327a0ec97cef8fa1,0x8f5906963ae276e1631efa8ff1a9cae6499ec5e3,0xc983ebc9db969782d994627bdffec0ae6efee1b3,0x983110309620d911731ac0932219af06091b6744
limes.wannabet.eth,0x534631bcf33bdb069fb20a93d2fdb9e4d4dd42cf,0x0916c04994849c676ab2667ce5bbdf7ccc94310a,0x035ebd096afa6b98372494c7f08f3402324117d3,0x4db0e0b6a28321d374c2fcf3e084a6def03b6a12,0x5db9534804b440aa1937ea0cde734fae1043c996,0x04e9f5bd176de05511618ab63aedeb6ae0f0d8e4,0xc0deaf6bd3f0c6574a6a625ef2f22f62a5150eab,0x66d9640783719c13d6a106924000bc6153661a97,0x4d982788c01402c4e0f657e1192d7736084ae5a8,0xcaafee2535f44d5f6b8e00cabb966df6beec7a3f
furyan.eth,0x035ebd096afa6b98372494c7f08f3402324117d3,0x58f4d2f9fdbae2f78bcd76c4f6f2d86c181f6afc,0x6394d4c09110209ca7796ca1092f047cfe4dffc7,0x26cffe59d65a96c1b1b5c19d561f95cd794a2faf,0xd83a5a8852049ca286f234b594d7f2b022565fc5,0x004f9b9ffdbcc20013cbbf31ab8c06c5178d72a1,0x2b1e2a3dfcab0b8754b2a2d7d6022d735c5f3343,0xb5c66cf1034f21a7b1f42db269e81c775eec13c9,0x7f4280fe18c6dac10d652af75f78a1d65a4e7c8f,0x8db1cfde3b131e8fe1e432bef89e0538c7c5897c
jalil.eth,0x760e7b42c920c2a0feb58ddd610c14a6bdd2ebea,0x0916c04994849c676ab2667ce5bbdf7ccc94310a,0x17cd072cbd45031efc21da538c783e0ed3b25dcc,0xb520930bf5529bdf6d42d76cd6f820145ba3ab6b,0x2a59071ff48936c6838dcac425fa0df6ea5979bf,0xd7029bdea1c17493893aafe29aad69ef892b8ff2,0x179a862703a4adfb29896552df9e307980d19285,0xeb6b293e9bb1d71240953c8306ad2c8ac523516a,0x30c7f4f7504d6366916f669cd8e731ed4df6c702,0x7124cf2e59d54e831df6f605775e73248b3c5960
alextnetto.eth,0xd8da6bf26964af9d7eed9e03e53415d37aa96045,0xe11bfcbdd43745d4aa6f4f18e24ad24f4623af04,0x949e2988b857af2a3c9429e763d13202b7b25c88,0x983110309620d911731ac0932219af06091b6744,0x809fa673fe2ab515faa168259cb14e2bedebf68e
superphiz.eth,0x8da48e5846c06b558970acd42edc7da8799481e4,0x19439fcdb55a5a16f44d9adeea68670414b3a5c6,0x97e27c55de1aec7058c3c796597e5468220771e1,0x8eddf5431f5b31933bfbd8111d54fc6e9456e6c1,0x111111176b0b13ffc31d387d08726772a0492948,0x5391ff3a579bbcb8372638f62defc7773a8f55e5,0xae3c9636de4005cb1a0c3aa94e53152a60330388,0x6e8f26d35800ebb7678ac858866ec0e86ba7d1fc,0x76483d453f35a946de3a42cb814649480fe97e3e,0x4d199d283331f0be86405a247faef88af90c129f
liubenben.eth,0x50ec05ade8280758e2077fcbc08d878d4aef79c3,0x7e2f6e2f86089ae708425bca2e7bf43ad5ca486e,0x47b78acc6d29428f128eb04b467d316e548e4b89,0x7265a60acaeaf3a5e18e10bc1128e72f27b2e176,0x14536667cd30e52c0b458baaccb9fada7046e056,0x6dc43be93a8b5fd37dc16f24872babc6da5e5e3e,0x14546125429faac7f3aa78da1807069692ec7464,0x2f3a773365ff85353e1d4bb5a88f62dfd478a24d,0x79bd699ffafa6be1fcde6ba00965e5083ed0e414,0x190473b3071946df65306989972706a4c006a561
pol.eth,0x534631bcf33bdb069fb20a93d2fdb9e4d4dd42cf,0x8da48e5846c06b558970acd42edc7da8799481e4,0xeb6b293e9bb1d71240953c8306ad2c8ac523516a,0xa7860e99e3ce0752d1ac53b974e309fff80277c6,0xe11da9560b51f8918295edc5ab9c0a90e9ada20b,0x2a59071ff48936c6838dcac425fa0df6ea5979bf,0x016f40be4fc1b8456a74171fae3265d1431b3bdf,0x5d25e3ebb10f4debf1d7b76eb94302d2d74c7035,0x983110309620d911731ac0932219af06091b6744,0x60dbf50076206f60bcc2edf9295f5734561b8d77
thecap.eth,0x8da48e5846c06b558970acd42edc7da8799481e4,0x8b1f85a93ac6e4f62695ea8ef2410d248605feff,0x029183bd9a47cdd7f5df8fb64382022c4b681b63,0x5be9c37a4d3fd921d24bec9ded661dd32e7695d5,0x809fa673fe2ab515faa168259cb14e2bedebf68e,0x1badb16fdf023a4882bb9adfc780280e863c86be,0x179a862703a4adfb29896552df9e307980d19285,0xb8c2c29ee19d8307cb7255e1cd9cbde883a267d5,0x88e4519e2baa513ed92b0ae4c788d7e5c5b03ea4,0x2b888954421b424c5d3d9ce9bb67c9bd47537d12
validator.eth,0x1208a26faa0f4ac65b42098419eb4daa5e580ac6,0x6394d4c09110209ca7796ca1092f047cfe4dffc7,0xa7860e99e3ce0752d1ac53b974e309fff80277c6,0x0312567d78ff0c9ce0bd62a250df5c6474c71334,0xac50ce326de14ddf9b7e9611cd2f33a1af8ac039,0x333601a803cac32b7d17a38d32c9728a93b422f4,0xe3776caab55433c798b1afda558db205068f9963,0xe99319a2387559b3edfcfdf79af21348467dd5f3,0x13489a7f09ea0dfe9fdc41390cfbb57f4b6ff0b3,0x0c077910e1dc0b5bea1054cce14143e0971f95ce
bosco.eth,0x8da48e5846c06b558970acd42edc7da8799481e4,0x983110309620d911731ac0932219af06091b6744,0xd1efdd037566b0c75cebace9150d26ea0153faa9
dragonite.eth,0xbad9895fa47616022e648ddd846119f4c9661ed8,0xbab473e7a2bb4b35be999d0b0a771a48aa9d7fec,0x2a59071ff48936c6838dcac425fa0df6ea5979bf,0x311ef08626709a0de3aa84d396437773340e022d,0x3276e82ebb1b4b9f01ab9286ed6bcc6603e368e2,0xd1efdd037566b0c75cebace9150d26ea0153faa9,0x983110309620d911731ac0932219af06091b6744,0x4d982788c01402c4e0f657e1192d7736084ae5a8,0x44a3a18df15ae79bbc6c660db59428fe9a181864
catra.eth,0x387a161c6b25aa854100abaed39274e51aaffffd,0x0916c04994849c676ab2667ce5bbdf7ccc94310a,0x17cd072cbd45031efc21da538c783e0ed3b25dcc,0xe3f3bc22382e0edfdedacb5e4a89a5418432fd07,0x14536667cd30e52c0b458baaccb9fada7046e056,0xe2cded674643743ec1316858dfd4fd2116932e63,0x486d582eed105cef4e4aa270c93b1e03fe5b04f3,0x8379bd16381620914d8fa3d535f6ca9ef23ece53,0x22d187e0392632386b6dc542d5c494602e0e67fe,0x17f74532a45e7b16a9620e4bc84924916a9cf45a
wmp.eth,0x002748db885d4ccfe3c7c92143f0805f4ebeec01,0x0116acf39cf70fefc3c23c88a37e59474e8e17be,0x00e22bd8b1ba7fb5c6bcdad1ff4880cc4aaed159,0x00cda37bfc3dd20349aa901fe8646688218d8772,0x004987aa7fc02324dc08806d13dc624a7790cc6f,0x0022fd37758a10cef06c33201986748479f9112b,0x008de861efedc4617caeb1d27a6aa0e6e7e2c987,0x0000000000a2d441d85315e5163deec094bf6fe1,0x008ba4907924f86c62fbb31fe4a0dfe91c0e6acc,0x00063ddb30be7bc2292583d5f143e9d6e6228440
0xgiwa.eth,0xce4fec9adca31c92befbe728e71784e6aeeca0e4,0x035ebd096afa6b98372494c7f08f3402324117d3,0xe11da9560b51f8918295edc5ab9c0a90e9ada20b,0xd1efdd037566b0c75cebace9150d26ea0153faa9,0x21d065354636ec2117e48fb51428e9a233652d5f,0x914818fd7a789b889a0ac8dc4fccd1a6742d5597,0x1a43003a06d80aa51bdc5054e4572841f122335c,0x14546125429faac7f3aa78da1807069692ec7464,0x983110309620d911731ac0932219af06091b6744,0x4d982788c01402c4e0f657e1192d7736084ae5a8
ndx.eth,0xafff524b6515f38efbb82de99a3ba7102495af01,0x2cb27654a0a4d441a99b8153f91bad08f02d37c0,0x795050decc0322567c4f0098209d4edc5a69b9d0,0x7e799c969ea204a8b5f4d938407d9dc64dcc09e5,0x40816de87489fb1a744d9c546e8994c9b2d40e40,0x8e15b339a94c34d6d947f2766cf7df939ca31636,0x100d394a50dd89bf642f3063ddce8f00410e5c0e,0x4a7b17fbec1ecc14a00b351f9fb40b0c957e776b,0x6888633d74ecd23461930a0d799a828753bc0232,0x99bd5358045c552bc6848b934163cb44668c5a01
brantly.eth,0x50e97e480661533b5382e33705e4ce1eb182222e,0x02ca10c62f160cdd126d1e44ef42224cac745ac8,0x97b5c5ac8813bf5aaf689bbb697b56f8d897baef,0xdc27cb447d713a8320db054a39ab6a42e0af49cb,0x47c0224f6c298c4b03f2fbbb986815859a0abd20,0x8480d20583a3138fef7c23eed8f17bf3c01e73b7,0xa6bcb89f21e0bf71e08ded426c142757791e17cf,0xc6ed8696c4885dcafdc73c5ef28511e02568b472,0x1cbf9983e0d59276a58db8e8529706004fcb1837,0x27d311b8958ca479615522304b442e530c8073fe
0xthrpw.eth,0x15d63171fac765636b5a9a859e17c3b6e6d1ba6c,0xcf2907224854d7412c84d7b7818a149bc7245ebe,0x092ba632e0b88ca7ee9eeaa7e8ed27436afa3b00,0x15ca41d59cc542b15881aa6d95f486a804995425,0xcca02de5372cb0caac425543487789eef5d17fb5,0x15265c9989a97f84c01cdba9da4461ae518083fc,0x27982284dc03872a76641fed8e52f48d56a24012,0x9f64e6a575f50d7c8c5aea4be962f86ee2c5ca31,0xb5b8c2939348be0cde88285821889ef1193a9655,0x0033aade458d0b39ce0b1ba2581859f2d5855555
bendi.eth,0xfb702e95fa231c5509487a9e99156003985fdb9e,0x5b0f3dbdd49614476e4f5ff5db6fe13d41fcb516,0xe11bfcbdd43745d4aa6f4f18e24ad24f4623af04,0xc28de09ad1a20737b92834943558ddfcc88d020d,0xa7860e99e3ce0752d1ac53b974e309fff80277c6,0x25744247a760dd8c73eaa81307e1ff827e8bcfa3,0x2a59071ff48936c6838dcac425fa0df6ea5979bf,0x6e8f26d35800ebb7678ac858866ec0e86ba7d1fc,0xa0ca69a35c77ab43f39e3439539a098a948552c6,0x2f3a773365ff85353e1d4bb5a88f62dfd478a24d
drea.eth,0x51050ec063d393217b436747617ad1c2285aeeee,0x5e349eca2dc61abcd9dd99ce94d04136151a09ee,0x029183bd9a47cdd7f5df8fb64382022c4b681b63,0xc9e6eb83da7a627961b89acd4b6405941c36e2c8,0x092ad3842dced68b5b6ef9cc602be66924baecdd,0x0312567d78ff0c9ce0bd62a250df5c6474c71334,0xcbb2534c6898655d50fdac79d6e4b23b18a25b97,0x167e3b2c7286ec2e6526f28ff52743c72100bc5c,0xce4eb76664210426e900c20d4a3741a6b0f64855,0x29a82e07b96c405ac99a8023f767d2971546de70
garypalmerjr.eth,0x3b5aa6be0a9db351306a487ce35b3735058fef90,0x4ece7f89bab16ee6eb40a37b88cf23dffe0d5413,0x9158a1ff92a808057a84200469dccd68c21105eb,0x1096503503dcbf3b94db5afbd041d22de1f0704e,0x153c176019aece36e391045d772e9a692657c485,0xffc46750c82e3fd30b818f667306e01f7b03d59e,0x967f37cf8592efeb9d38c0af64d09087a9b19676,0x5ae2b0237367adbc3fba27013015b8b6b69e50fb,0xcfd5a3a543fa175559b80cae217f359bdf116e5b,0x28d604a4205549ea2510d03f2addc673ded2187f
jesse.xyz,0x1208a26faa0f4ac65b42098419eb4daa5e580ac6,0x807a9fa3cedec27cf5bdf4bd093fc2a92fc7be79,0x983110309620d911731ac0932219af06091b6744,0x60dbf50076206f60bcc2edf9295f5734561b8d77
184.eth,0xc9c3a4337a1bba75d0860a1a81f7b990dc607334,0x71adb34117c9408e74ed112b327a0ec97cef8fa1,0x50ec05ade8280758e2077fcbc08d878d4aef79c3,0x8f5906963ae276e1631efa8ff1a9cae6499ec5e3,0xc983ebc9db969782d994627bdffec0ae6efee1b3,0x14536667cd30e52c0b458baaccb9fada7046e056,0x486d582eed105cef4e4aa270c93b1e03fe5b04f3,0x2b9bda137dfc081efa0e0355874a5bc39a372305,0x17f74532a45e7b16a9620e4bc84924916a9cf45a,0x02a2295d86e530045844e25582185c65925b2eb8
efp.eth,0x2b9bda137dfc081efa0e0355874a5bc39a372305,0xc9c3a4337a1bba75d0860a1a81f7b990dc607334,0x71adb34117c9408e74ed112b327a0ec97cef8fa1,0x8f5906963ae276e1631efa8ff1a9cae6499ec5e3,0xc983ebc9db969782d994627bdffec0ae6efee1b3,0x983110309620d911731ac0932219af06091b6744
limes.wannabet.eth,0x534631bcf33bdb069fb20a93d2fdb9e4d4dd42cf,0x0916c04994849c676ab2667ce5bbdf7ccc94310a,0x035ebd096afa6b98372494c7f08f3402324117d3,0x4db0e0b6a28321d374c2fcf3e084a6def03b6a12,0x5db9534804b440aa1937ea0cde734fae1043c996,0x04e9f5bd176de05511618ab63aedeb6ae0f0d8e4,0xc0deaf6bd3f0c6574a6a625ef2f22f62a5150eab,0x66d9640783719c13d6a106924000bc6153661a97,0x4d982788c01402c4e0f657e1192d7736084ae5a8,0xcaafee2535f44d5f6b8e00cabb966df6beec7a3f
furyan.eth,0x035ebd096afa6b98372494c7f08f3402324117d3,0x58f4d2f9fdbae2f78bcd76c4f6f2d86c181f6afc,0x6394d4c09110209ca7796ca1092f047cfe4dffc7,0x26cffe59d65a96c1b1b5c19d561f95cd794a2faf,0xd83a5a8852049ca286f234b594d7f2b022565fc5,0x004f9b9ffdbcc20013cbbf31ab8c06c5178d72a1,0x2b1e2a3dfcab0b8754b2a2d7d6022d735c5f3343,0xb5c66cf1034f21a7b1f42db269e81c775eec13c9,0x7f4280fe18c6dac10d652af75f78a1d65a4e7c8f,0x8db1cfde3b131e8fe1e432bef89e0538c7c5897c
jalil.eth,0x760e7b42c920c2a0feb58ddd610c14a6bdd2ebea,0x0916c04994849c676ab2667ce5bbdf7ccc94310a,0x17cd072cbd45031efc21da538c783e0ed3b25dcc,0xb520930bf5529bdf6d42d76cd6f820145ba3ab6b,0x2a59071ff48936c6838dcac425fa0df6ea5979bf,0xd7029bdea1c17493893aafe29aad69ef892b8ff2,0x179a862703a4adfb29896552df9e307980d19285,0xeb6b293e9bb1d71240953c8306ad2c8ac523516a,0x30c7f4f7504d6366916f669cd8e731ed4df6c702,0x7124cf2e59d54e831df6f605775e73248b3c5960
alextnetto.eth,0xd8da6bf26964af9d7eed9e03e53415d37aa96045,0xe11bfcbdd43745d4aa6f4f18e24ad24f4623af04,0x949e2988b857af2a3c9429e763d13202b7b25c88,0x983110309620d911731ac0932219af06091b6744,0x809fa673fe2ab515faa168259cb14e2bedebf68e
superphiz.eth,0x8da48e5846c06b558970acd42edc7da8799481e4,0x19439fcdb55a5a16f44d9adeea68670414b3a5c6,0x97e27c55de1aec7058c3c796597e5468220771e1,0x8eddf5431f5b31933bfbd8111d54fc6e9456e6c1,0x111111176b0b13ffc31d387d08726772a0492948,0x5391ff3a579bbcb8372638f62defc7773a8f55e5,0xae3c9636de4005cb1a0c3aa94e53152a60330388,0x6e8f26d35800ebb7678ac858866ec0e86ba7d1fc,0x76483d453f35a946de3a42cb814649480fe97e3e,0x4d199d283331f0be86405a247faef88af90c129f
liubenben.eth,0x50ec05ade8280758e2077fcbc08d878d4aef79c3,0x7e2f6e2f86089ae708425bca2e7bf43ad5ca486e,0x47b78acc6d29428f128eb04b467d316e548e4b89,0x7265a60acaeaf3a5e18e10bc1128e72f27b2e176,0x14536667cd30e52c0b458baaccb9fada7046e056,0x6dc43be93a8b5fd37dc16f24872babc6da5e5e3e,0x14546125429faac7f3aa78da1807069692ec7464,0x2f3a773365ff85353e1d4bb5a88f62dfd478a24d,0x79bd699ffafa6be1fcde6ba00965e5083ed0e414,0x190473b3071946df65306989972706a4c006a561
pol.eth,0x534631bcf33bdb069fb20a93d2fdb9e4d4dd42cf,0x8da48e5846c06b558970acd42edc7da8799481e4,0xeb6b293e9bb1d71240953c8306ad2c8ac523516a,0xa7860e99e3ce0752d1ac53b974e309fff80277c6,0xe11da9560b51f8918295edc5ab9c0a90e9ada20b,0x2a59071ff48936c6838dcac425fa0df6ea5979bf,0x016f40be4fc1b8456a74171fae3265d1431b3bdf,0x5d25e3ebb10f4debf1d7b76eb94302d2d74c7035,0x983110309620d911731ac0932219af06091b6744,0x60dbf50076206f60bcc2edf9295f5734561b8d77
thecap.eth,0x8da48e5846c06b558970acd42edc7da8799481e4,0x8b1f85a93ac6e4f62695ea8ef2410d248605feff,0x029183bd9a47cdd7f5df8fb64382022c4b681b63,0x5be9c37a4d3fd921d24bec9ded661dd32e7695d5,0x809fa673fe2ab515faa168259cb14e2bedebf68e,0x1badb16fdf023a4882bb9adfc780280e863c86be,0x179a862703a4adfb29896552df9e307980d19285,0xb8c2c29ee19d8307cb7255e1cd9cbde883a267d5,0x88e4519e2baa513ed92b0ae4c788d7e5c5b03ea4,0x2b888954421b424c5d3d9ce9bb67c9bd47537d12
validator.eth,0x1208a26faa0f4ac65b42098419eb4daa5e580ac6,0x6394d4c09110209ca7796ca1092f047cfe4dffc7,0xa7860e99e3ce0752d1ac53b974e309fff80277c6,0x0312567d78ff0c9ce0bd62a250df5c6474c71334,0xac50ce326de14ddf9b7e9611cd2f33a1af8ac039,0x333601a803cac32b7d17a38d32c9728a93b422f4,0xe3776caab55433c798b1afda558db205068f9963,0xe99319a2387559b3edfcfdf79af21348467dd5f3,0x13489a7f09ea0dfe9fdc41390cfbb57f4b6ff0b3,0x0c077910e1dc0b5bea1054cce14143e0971f95ce
bosco.eth,0x8da48e5846c06b558970acd42edc7da8799481e4,0x983110309620d911731ac0932219af06091b6744,0xd1efdd037566b0c75cebace9150d26ea0153faa9
dragonite.eth,0xbad9895fa47616022e648ddd846119f4c9661ed8,0xbab473e7a2bb4b35be999d0b0a771a48aa9d7fec,0x2a59071ff48936c6838dcac425fa0df6ea5979bf,0x311ef08626709a0de3aa84d396437773340e022d,0x3276e82ebb1b4b9f01ab9286ed6bcc6603e368e2,0xd1efdd037566b0c75cebace9150d26ea0153faa9,0x983110309620d911731ac0932219af06091b6744,0x4d982788c01402c4e0f657e1192d7736084ae5a8,0x44a3a18df15ae79bbc6c660db59428fe9a181864
catra.eth,0x387a161c6b25aa854100abaed39274e51aaffffd,0x0916c04994849c676ab2667ce5bbdf7ccc94310a,0x17cd072cbd45031efc21da538c783e0ed3b25dcc,0xe3f3bc22382e0edfdedacb5e4a89a5418432fd07,0x14536667cd30e52c0b458baaccb9fada7046e056,0xe2cded674643743ec1316858dfd4fd2116932e63,0x486d582eed105cef4e4aa270c93b1e03fe5b04f3,0x8379bd16381620914d8fa3d535f6ca9ef23ece53,0x22d187e0392632386b6dc542d5c494602e0e67fe,0x17f74532a45e7b16a9620e4bc84924916a9cf45a
wmp.eth,0x002748db885d4ccfe3c7c92143f0805f4ebeec01,0x0116acf39cf70fefc3c23c88a37e59474e8e17be,0x00e22bd8b1ba7fb5c6bcdad1ff4880cc4aaed159,0x00cda37bfc3dd20349aa901fe8646688218d8772,0x004987aa7fc02324dc08806d13dc624a7790cc6f,0x0022fd37758a10cef06c33201986748479f9112b,0x008de861efedc4617caeb1d27a6aa0e6e7e2c987,0x0000000000a2d441d85315e5163deec094bf6fe1,0x008ba4907924f86c62fbb31fe4a0dfe91c0e6acc,0x00063ddb30be7bc2292583d5f143e9d6e6228440
0xgiwa.eth,0xce4fec9adca31c92befbe728e71784e6aeeca0e4,0x035ebd096afa6b98372494c7f08f3402324117d3,0xe11da9560b51f8918295edc5ab9c0a90e9ada20b,0xd1efdd037566b0c75cebace9150d26ea0153faa9,0x21d065354636ec2117e48fb51428e9a233652d5f,0x914818fd7a789b889a0ac8dc4fccd1a6742d5597,0x1a43003a06d80aa51bdc5054e4572841f122335c,0x14546125429faac7f3aa78da1807069692ec7464,0x983110309620d911731ac0932219af06091b6744,0x4d982788c01402c4e0f657e1192d7736084ae5a8
ndx.eth,0xafff524b6515f38efbb82de99a3ba7102495af01,0x2cb27654a0a4d441a99b8153f91bad08f02d37c0,0x795050decc0322567c4f0098209d4edc5a69b9d0,0x7e799c969ea204a8b5f4d938407d9dc64dcc09e5,0x40816de87489fb1a744d9c546e8994c9b2d40e40,0x8e15b339a94c34d6d947f2766cf7df939ca31636,0x100d394a50dd89bf642f3063ddce8f00410e5c0e,0x4a7b17fbec1ecc14a00b351f9fb40b0c957e776b,0x6888633d74ecd23461930a0d799a828753bc0232,0x99bd5358045c552bc6848b934163cb44668c5a01
